Property Name,Property Type,Description,Price,Bedrooms,Baths,Toilets,Location,City,State,Country,Images,Furnished,Features,URL
4 Bedroom Duplex,Duplex,"4 bedroom House for sale Carlton Gate Estate Akobo Ibadan Oyo selling for ₦270,000,000.",270000000,4,0,0,Carlton Gate Estate Akobo Ibadan Oyo,Ibadan,Oyo,Nigeria,"[""https://images.propertypro.ng/large/4-bedroom-duplex-4VZVlGK7um6FIiBRb3MO.jpg"", ""https://images.propertypro.ng/large/4-bedroom-duplex-Lqdvv9VgepvoUUmk9rsv.jpg"", ""https://images.propertypro.ng/large/4-bedroom-duplex-KP1RLr2kUWHybp0Ug9L6.jpg"", ""https://images.propertypro.ng/large/4-bedroom-duplex-jMCWGVJJ9uyDdCJZyDeI.jpg"", ""https://images.propertypro.ng/large/4-bedroom-duplex-eFHEb18Clmm2DXNlSH5i.jpg"", ""https://images.propertypro.ng/large/4-bedroom-duplex-PItFEEp0nzyQZDJtCM9n.jpg""]",Fully Furnished,"[""Boys Quater""]",https://propertypro.ng/property/4-bedroom-house-for-sale-carlton-gate-estate-akobo-ibadan-oyo-5NPXQ
4 Bedroom Terraced Duplex,Duplex,"4 bedroom House for sale Kolapo Ishola Estate Akobo Ibadan Oyo selling for ₦150,000,000.",150000000,4,0,0,Kolapo Ishola Estate Akobo Ibadan Oyo,Ibadan,Oyo,Nigeria,"[""https://images.propertypro.ng/large/4-bedroom-terraced-duplex-qJ6P1ZOQl5HxYFxbaidd.jpg""]",Fully Furnished,"[""24 Hours Security"", ""Big Compound"", ""Children Play Ground"", ""Parking Space""]",https://propertypro.ng/property/4-bedroom-house-for-sale-kolapo-ishola-estate-akobo-ibadan-oyo-7NQKB
5 Bedroom Bungalow,Bungalow,"5 bedroom House for sale Ayegoro Estate, Akobo Ibadan Oyo selling for ₦145,000,000.",145000000,5,6,6,"Ayegoro Estate, Akobo Ibadan Oyo",Ibadan,Oyo,Nigeria,"[""https://images.propertypro.ng/large/5-bedroom-bungalow-4XqpX2Bl2iMbQvKM2OR7.jpg"", ""https://images.propertypro.ng/large/5-bedroom-bungalow-tuPcPQZEdY8bRMi7kMDm.jpg"", ""https://images.propertypro.ng/large/5-bedroom-bungalow-V6a5S3TazJheZlHfFyDO.jpg"", ""https://images.propertypro.ng/large/5-bedroom-bungalow-nsV4hmMM2lxb2jZdYOCL.jpg"", ""https://images.propertypro.ng/large/5-bedroom-bungalow-XA7aN1RJnhLpRj21cZId.jpg"", ""https://images.propertypro.ng/large/5-bedroom-bungalow-hOQaPy4NZHnB6DGnjB7H.jpg""]",Fully Furnished,"[""Big Compound"", ""Boys Quater""]",https://propertypro.ng/property/5-bedroom-house-for-sale-ayegoro-estate-akobo-ibadan-oyo-6NPVU
5 Bedroom Bungalow,Bungalow,"5 bedroom House for sale Ayegoro Estate, Akobo Ibadan Oyo selling for ₦145,000,000.",145000000,5,6,6,"Ayegoro Estate, Akobo Ibadan Oyo",Ibadan,Oyo,Nigeria,"[""https://images.propertypro.ng/large/5-bedroom-bungalow-3vhNNmdkRXIUZsvzaSXN.jpg"", ""https://images.propertypro.ng/large/5-bedroom-bungalow-Q2FaSzn7f68bT4yAdQ4l.jpg"", ""https://images.propertypro.ng/large/5-bedroom-bungalow-gfQnCzd9OK0JVuvf4vNz.jpg"", ""https://images.propertypro.ng/large/5-bedroom-bungalow-aNOZlVXTtnltcugsCEHG.jpg"", ""https://images.propertypro.ng/large/5-bedroom-bungalow-Ae9K4vy1nUHcenaSdGBS.jpg"", ""https://images.propertypro.ng/large/5-bedroom-bungalow-o7uSn63sinfvUrsPhit0.jpg""]",Fully Furnished,"[""Big Compound"", ""Boys Quater""]",https://propertypro.ng/property/5-bedroom-house-for-sale-ayegoro-estate-akobo-ibadan-oyo-8NPVV
4 Bedroom Semi Detached Duplex,Detached Duplex,"4 bedroom House for sale Ikoyi Lagos selling for ₦1,300,000,000.",1300000000,4,4,5,Ikoyi Lagos,Ikoyi,Lagos,Nigeria,"[""https://images.propertypro.ng/large/4-bedroom-semi-detached-duplex-Nxtu8ko8F7hUqk9Yc07q.jpg"", ""https://images.propertypro.ng/large/4-bedroom-semi-detached-duplex-THLtpkjUG9SN9aFdopUo.jpg"", ""https://images.propertypro.ng/large/4-bedroom-semi-detached-duplex-JO46VZjz9k09dr7cFPlH.jpg"", ""https://images.propertypro.ng/large/4-bedroom-semi-detached-duplex-8mG0BdBvSrhPzWprMSgB.jpg"", ""https://images.propertypro.ng/large/4-bedroom-semi-detached-duplex-RX7QILLxRNd7JU7dlNBf.jpg"", ""https://images.propertypro.ng/large/4-bedroom-semi-detached-duplex-PNTzaUKUM3zxcGGDxBBO.jpg"", ""https://images.propertypro.ng/large/4-bedroom-semi-detached-duplex-Bjj3kSfxVqamnvSCmmgA.jpg"", ""https://images.propertypro.ng/large/4-bedroom-semi-detached-duplex-G8fGPKpZGjdEDUX9v29K.jpg"", ""https://images.propertypro.ng/large/4-bedroom-semi-detached-duplex-lGyFVoND96IXZRScyLX6.jpg"", ""https://images.propertypro.ng/large/4-bedroom-semi-detached-duplex-FTHP45yuUVdgJbOZuUG1.jpg"", ""https://images.propertypro.ng/large/4-bedroom-semi-detached-duplex-eihR1bRyUoyoKVy2nCiy.jpg"", ""https://images.propertypro.ng/large/4-bedroom-semi-detached-duplex-kkZ52iPQIIBeVgezckMQ.jpg""]",Fully Furnished,[],https://propertypro.ng/property/4-bedroom-house-for-sale-ikoyi-lagos-1NZDH
Newly Built 4 Bedroom Terrace Duplex,Terrace Duplex,"4 bedroom House for sale Katampe Extension Katampe Abuja selling for ₦250,000,000.",250000000,4,4,5,Katampe Extension Katampe Abuja,Katampe,Abuja,Nigeria,"[""https://images.propertypro.ng/large/newly-built-4-bedroom-terrace-QLCJS7ZrFdbgx0PYYORh.jpeg"", ""https://images.propertypro.ng/large/newly-built-4-bedroom-terrace-4dnWMw7GulyQRMItbGvN.jpeg"", ""https://images.propertypro.ng/large/newly-built-4-bedroom-terrace-kvbIyAcsRdOnK4OV9bha.jpeg"", ""https://images.propertypro.ng/large/newly-built-4-bedroom-terrace-1v4AA3NvvslU5ELFgWva.jpeg"", ""https://images.propertypro.ng/large/newly-built-4-bedroom-terrace-n33L32mlpCOPGUyFFnpM.jpeg"", ""https://images.propertypro.ng/large/newly-built-4-bedroom-terrace-aksnNnAt2RR2THQpjWKA.jpeg"", ""https://images.propertypro.ng/large/newly-built-4-bedroom-terrace-8X4uRjCGO4A4MD95zPmh.jpeg"", ""https://images.propertypro.ng/large/newly-built-4-bedroom-terrace-hkhmYvzO30wuiOPk3fLV.jpeg"", ""https://images.propertypro.ng/large/newly-built-4-bedroom-terrace-gk2JKbuNda7LY1axqhXi.jpeg"", ""https://images.propertypro.ng/large/newly-built-4-bedroom-terrace-3YPTiQbhxO1MQt3TVsQL.jpeg"", ""https://images.propertypro.ng/large/newly-built-4-bedroom-terrace-8YZXMDvkSloxNeppxzhE.jpeg"", ""https://images.propertypro.ng/large/newly-built-4-bedroom-terrace-g1WwIcK8ZQVAPUrZmBsA.jpeg""]",Fully Furnished,[],https://propertypro.ng/property/4-bedroom-house-for-sale-katampe-extension-katampe-abuja-2NWLU
3 Bedroom Semi Detached Duplex 1 Room Bq,Detached Duplex,"3 bedroom House for sale Jabi Jabi Abuja selling for ₦100,000,000.",100000000,3,3,4,Jabi Jabi Abuja,Jabi,Abuja,Nigeria,"[""https://images.propertypro.ng/large/for-sale3-bedroom-semi-detached-duplex-1-room-bq-uYw37V0BwjFJfeRznSH8.jpeg"", ""https://images.propertypro.ng/large/for-sale3-bedroom-semi-detached-duplex-1-room-bq-wtPDvAlCfG7xvzwFsvcz.jpeg"", ""https://images.propertypro.ng/large/for-sale3-bedroom-semi-detached-duplex-1-room-bq-8AdBWqKFHUz5vkn9hYxH.jpeg"", ""https://images.propertypro.ng/large/for-sale3-bedroom-semi-detached-duplex-1-room-bq-wIHFSrWVTWX7GjHDXYWT.jpeg"", ""https://images.propertypro.ng/large/for-sale3-bedroom-semi-detached-duplex-1-room-bq-M5TgttX6LSungPqPTsMY.jpeg"", ""https://images.propertypro.ng/large/for-sale3-bedroom-semi-detached-duplex-1-room-bq-HOmb3JZbM1MnN6mK2n6y.jpeg"", ""https://images.propertypro.ng/large/for-sale3-bedroom-semi-detached-duplex-1-room-bq-DdfFYTvIqPELWbv8qvjb.jpeg"", ""https://images.propertypro.ng/large/for-sale3-bedroom-semi-detached-duplex-1-room-bq-gcZ5UsUflfAKPBhILt7x.jpeg"", ""https://images.propertypro.ng/large/for-sale3-bedroom-semi-detached-duplex-1-room-bq-hVFQHp3FijkliXN7gTMR.jpeg""]",Fully Furnished,"[""Big Compound"", ""All Room Ensuit"", ""Boys Quater""]",https://propertypro.ng/property/3-bedroom-house-for-sale-jabi-jabi-abuja-3NWNE
4 Bedroom Terrace Duplex With Bq,Terrace Duplex,"4 bedroom House for sale  Life Camp Abuja selling for ₦300,000,000.",300000000,4,4,5,Life Camp Abuja,Camp,Abuja,Nigeria,"[""https://images.propertypro.ng/large/for-sale-4-bedroom-terrace-duplex-1-room-bq-Ki14bwS510p5Wg0CUl7M.jpeg"", ""https://images.propertypro.ng/large/for-sale-4-bedroom-terrace-duplex-1-room-bq-926McGvpdTt2XezdqTCe.jpeg"", ""https://images.propertypro.ng/large/for-sale-4-bedroom-terrace-duplex-1-room-bq-ns6bkuqau9bAd1DafgM5.jpeg"", ""https://images.propertypro.ng/large/for-sale-4-bedroom-terrace-duplex-1-room-bq-qlqjzuSuIJrEbRz0xAm7.jpeg"", ""https://images.propertypro.ng/large/for-sale-4-bedroom-terrace-duplex-1-room-bq-zF7t7Zx8EmGG4HPCYZEx.jpeg"", ""https://images.propertypro.ng/large/for-sale-4-bedroom-terrace-duplex-1-room-bq-lvQGD9gqXRF0LlgfXzX9.jpeg"", ""https://images.propertypro.ng/large/for-sale-4-bedroom-terrace-duplex-1-room-bq-C5eXGAp6W2lweVoiTzSe.jpeg"", ""https://images.propertypro.ng/large/for-sale-4-bedroom-terrace-duplex-1-room-bq-gW8KHJ9CpWPnU3kptKS4.jpeg"", ""https://images.propertypro.ng/large/for-sale-4-bedroom-terrace-duplex-1-room-bq-yi4JRLjUlCqjltHiis6N.jpeg"", ""https://images.propertypro.ng/large/for-sale-4-bedroom-terrace-duplex-1-room-bq-jWryJjzqjAux7rLooDhy.jpeg""]",Fully Furnished,[],https://propertypro.ng/property/4-bedroom-house-for-sale-life-camp-abuja-4NXGW
4 Bedroom Bungalow,Bungalow,"4 bedroom House for sale Yanbule Estate, Olorunsogo Layout, Opp. Ashi Junction, Before Akobo Bridge, Bashorun Akobo Road, Ibadan Basorun Ibadan Oyo selling for ₦75,000,000.",75000000,4,4,5,"Yanbule Estate, Olorunsogo Layout, Opp. Ashi Junction, Before Akobo Bridge, Bashorun Akobo Road, Ibadan Basorun Ibadan Oyo",Ibadan,Oyo,Nigeria,"[""https://images.propertypro.ng/large/spacious-4-bedroom-bungalow-at-bashorun-akobo-7rajNEm7Cghq3yPsCj3a.jpg"", ""https://images.propertypro.ng/large/spacious-4-bedroom-bungalow-at-bashorun-akobo-srUXFD9lN82wstuX6Hya.jpg"", ""https://images.propertypro.ng/large/spacious-4-bedroom-bungalow-at-bashorun-akobo-3PRxokfBK9hDZeeHysZk.jpg"", ""https://images.propertypro.ng/large/spacious-4-bedroom-bungalow-at-bashorun-akobo-e7cNB6pCDOvaGjLX7nvp.jpg"", ""https://images.propertypro.ng/large/spacious-4-bedroom-bungalow-at-bashorun-akobo-8HasGt97dxRPnap7nw5u.jpg"", ""https://images.propertypro.ng/large/spacious-4-bedroom-bungalow-at-bashorun-akobo-HrJfwpxmpEOBh1Kzkzlx.jpg"", ""https://images.propertypro.ng/large/spacious-4-bedroom-bungalow-at-bashorun-akobo-YtF7KXCyq4tTqQCWDSzo.jpg"", ""https://images.propertypro.ng/large/spacious-4-bedroom-bungalow-at-bashorun-akobo-a5RttYUZeIl7JvTnk8ps.jpg"", ""https://images.propertypro.ng/large/spacious-4-bedroom-bungalow-at-bashorun-akobo-tnf0syclILDhmJOmxkQ0.jpg""]",Fully Furnished,"[""All Room Ensuit"", ""POP Ceiling""]",https://propertypro.ng/property/4-bedroom-house-for-sale-yanbule-estate-olorunsogo-layout-opp-ashi-junction-before-akobo-bridge-bashorun-akobo-road-ibadan-basorun-ibadan-oyo-3NQEK
Massive 4 Bedroom Terraced Duplex With Bq,Duplex,"4 bedroom House for sale Main Maitama Abuja selling for ₦1,500,000,000.",1500000000,4,4,5,Main Maitama Abuja,Maitama,Abuja,Nigeria,"[""https://images.propertypro.ng/large/khu3j-massive-3-bedroom-terrace-duplex-with-bq-4Rb4OqceMHRdQ8xKGmrx.jpg"", ""https://images.propertypro.ng/large/EGzar-massive-3-bedroom-terrace-duplex-with-bq-jag5rKjATw7M362xGspw.jpg"", ""https://images.propertypro.ng/large/massive-3-bedroom-terrace-duplex-with-bq-3mCallOqNy1S6hsMe6L4.jpg"", ""https://images.propertypro.ng/large/massive-3-bedroom-terrace-duplex-with-bq-qnvsivqSzQsl4wBYwdZ5.jpg"", ""https://images.propertypro.ng/large/massive-3-bedroom-terrace-duplex-with-bq-oxym9qeAVsNIop7pnMGJ.jpg"", ""https://images.propertypro.ng/large/massive-3-bedroom-terrace-duplex-with-bq-tTkNRxfMRmKkdSdJ8TMm.jpg"", ""https://images.propertypro.ng/large/massive-3-bedroom-terrace-duplex-with-bq-UMJxKWqwPGiVGgwOvldt.jpg"", ""https://images.propertypro.ng/large/massive-3-bedroom-terrace-duplex-with-bq-L4kD5V3MwunXxhmyFAOH.jpg"", ""https://images.propertypro.ng/large/massive-3-bedroom-terrace-duplex-with-bq-cp9B1AhAyDjJ2VtNbt8b.jpg"", ""https://images.propertypro.ng/large/massive-3-bedroom-terrace-duplex-with-bq-BotlWZzAvJpXqHBdXHEt.jpg"", ""https://images.propertypro.ng/large/massive-3-bedroom-terrace-duplex-with-bq-bP235O6ReE9R5MJQZDMA.jpg"", ""https://images.propertypro.ng/large/massive-3-bedroom-terrace-duplex-with-bq-OXK7ks9YZjc1bWcPH0IF.jpg"", ""https://images.propertypro.ng/large/massive-3-bedroom-terrace-duplex-with-bq-Q6hE94P5Uq0V6PPRe3uB.jpg"", ""https://images.propertypro.ng/large/massive-3-bedroom-terrace-duplex-with-bq-zl5HN6f8nXVEggHZP1gl.jpg"", ""https://images.propertypro.ng/large/massive-3-bedroom-terrace-duplex-with-bq-suCoiFgk5YczNT9rkjhn.jpg"", ""https://images.propertypro.ng/large/massive-3-bedroom-terrace-duplex-with-bq-sV6ecuDqxkJCqEV7Yte2.jpg""]",Fully Furnished,"[""Street Lights"", ""24 Hours Security"", ""Big Compound"", ""All Room Ensuit"", ""Survey"", ""24 hours Electricity"", ""Drainage System"", ""CCTV Cameras"", ""POP Ceiling"", ""C of O"", ""Boys Quater""]",https://propertypro.ng/property/4-bedroom-house-for-sale-main-maitama-abuja-7NQQP
Luxury 2 Bedroom Apartment,Apartment,"2 bedroom House for sale Orange Island, Periwinkle Estate, Lekki Fore Shore, Lekki Phase 1 Lekki Lagos selling for ₦230,000,000.",230000000,2,2,3,"Orange Island, Periwinkle Estate, Lekki Fore Shore, Lekki Phase 1 Lekki Lagos",Lekki,Lagos,Nigeria,"[""https://images.propertypro.ng/large/own-a-luxury-2-bedroom-apartment-in-lekki-phase-1-GDGIBk5gUJFGhK4Anj8e.jpg""]",Fully Furnished,"[""Street Lights"", ""Swimming Pool"", ""24 Hours Security"", ""Big Compound"", ""Governor's Consent"", ""Gym"", ""All Room Ensuit"", ""24 hours Electricity"", ""Jacuzzi"", ""CCTV Cameras"", ""Drainage System"", ""Ocean View"", ""Water Treatment"", ""Free WiFi"", ""Parking Space"", ""Children Play Ground"", ""Survey"", ""POP Ceiling"", ""Supermarket Nearby"", ""C of O"", ""Security"", ""Fast Internet""]",https://propertypro.ng/property/2-bedroom-house-for-sale-orange-island-periwinkle-estate-lekki-fore-shore-lekki-phase-1-lekki-lagos-3NVUT
Newly Built Five Bedroom Fully Detached House With Bq,Detached House,"5 bedroom House for sale Ikoyi Lagos Parkview Estate Ikoyi Lagos selling for ₦1,750,000,000.",1750000000,5,5,6,Ikoyi Lagos Parkview Estate Ikoyi Lagos,Ikoyi,Lagos,Nigeria,"[""https://images.propertypro.ng/large/newly-built-five-bedroom-fully-detached-house-with-bq-YPSjqdhCpoTri4bs66Zo.jpeg"", ""https://images.propertypro.ng/large/newly-built-five-bedroom-fully-detached-house-with-bq-MH2mLtrAEwu7JGJXHXEL.jpeg"", ""https://images.propertypro.ng/large/newly-built-five-bedroom-fully-detached-house-with-bq-adIAYNw5PEq1cGwUcvhv.jpeg"", ""https://images.propertypro.ng/large/newly-built-five-bedroom-fully-detached-house-with-bq-j82nunLYk8mGsWl0LaHD.jpeg"", ""https://images.propertypro.ng/large/newly-built-five-bedroom-fully-detached-house-with-bq-Ts3NlCgcHfGWvAD7EC9P.jpeg"", ""https://images.propertypro.ng/large/newly-built-five-bedroom-fully-detached-house-with-bq-9VG85X7hK3nmYSrR3rit.jpeg"", ""https://images.propertypro.ng/large/newly-built-five-bedroom-fully-detached-house-with-bq-JgOtuhZsXmHwfo4SdCay.jpeg"", ""https://images.propertypro.ng/large/newly-built-five-bedroom-fully-detached-house-with-bq-p3IsWECb99RaXy5d2vxM.jpeg"", ""https://images.propertypro.ng/large/newly-built-five-bedroom-fully-detached-house-with-bq-D9hVXyHmZadWdCYRumav.jpeg"", ""https://images.propertypro.ng/large/newly-built-five-bedroom-fully-detached-house-with-bq-lqvqFyPXv2JYP5eqqQup.jpeg"", ""https://images.propertypro.ng/large/newly-built-five-bedroom-fully-detached-house-with-bq-lyKS24JMx8WaG5OyAYJG.jpeg"", ""https://images.propertypro.ng/large/newly-built-five-bedroom-fully-detached-house-with-bq-tmWTzr4qQPGYErLHjmsa.jpeg"", ""https://images.propertypro.ng/large/newly-built-five-bedroom-fully-detached-house-with-bq-hmd5xndidYaV1zx6ocpw.jpeg"", ""https://images.propertypro.ng/large/newly-built-five-bedroom-fully-detached-house-with-bq-4YTXyPebivofoFAYS0CN.jpeg""]",Fully Furnished,[],https://propertypro.ng/property/5-bedroom-house-for-sale-ikoyi-lagos-parkview-estate-ikoyi-lagos-5PAQG
4 Bedroom Semi Detached House,Detached House,"4 bedroom House for sale Orchid Lekki Lagos Lekki Phase 2 Lekki Lagos selling for ₦200,000,000.",200000000,4,4,5,Orchid Lekki Lagos Lekki Phase 2 Lekki Lagos,Lekki,Lagos,Nigeria,"[""https://images.propertypro.ng/large/luxury-4-bedroom-semi-detached-house-dorcOce65blOO1KMXGeD.jpeg"", ""https://images.propertypro.ng/large/luxury-4-bedroom-semi-detached-house-TzUMR6h52fiElq9IzXDd.jpeg"", ""https://images.propertypro.ng/large/luxury-4-bedroom-semi-detached-house-7javAAuWOoPQMswHhk4B.jpeg"", ""https://images.propertypro.ng/large/luxury-4-bedroom-semi-detached-house-YwzcTphU5LRlqLGKtbRP.jpeg"", ""https://images.propertypro.ng/large/luxury-4-bedroom-semi-detached-house-OdkENfP6tdSHOzCNet2c.jpeg"", ""https://images.propertypro.ng/large/luxury-4-bedroom-semi-detached-house-yuBJCcvvm0S4ZKN3AB0S.jpeg"", ""https://images.propertypro.ng/large/luxury-4-bedroom-semi-detached-house-RVNKepEuu9LpwSW97zYt.jpeg"", ""https://images.propertypro.ng/large/luxury-4-bedroom-semi-detached-house-rQlOQ0lSy5CZhRibr6qx.jpeg"", ""https://images.propertypro.ng/large/luxury-4-bedroom-semi-detached-house-6HApgrPB2wE0KQM6P9UD.jpeg"", ""https://images.propertypro.ng/large/luxury-4-bedroom-semi-detached-house-RfQqQikxveb1GGhT6Hna.jpeg""]",Fully Furnished,[],https://propertypro.ng/property/4-bedroom-house-for-sale-orchid-lekki-lagos-lekki-phase-2-lekki-lagos-6NZYE
Affordable 4 Bedroom Terrace Duplex,Terrace Duplex,"4 bedroom House for sale Kado Abuja selling for ₦255,000,000.",255000000,4,4,5,Kado Abuja,Kado,Abuja,Nigeria,"[""https://images.propertypro.ng/large/KO63H-affordable-4-bedroom-terrace-duplex-VtDMxyGEAjqdXetEVNA7.jpg"", ""https://images.propertypro.ng/large/affordable-4-bedroom-terrace-duplex-sldFFnLHijXk4TWXQ4zL.jpg"", ""https://images.propertypro.ng/large/affordable-4-bedroom-terrace-duplex-qdANCyBsnRlJ1vDYEndb.jpg"", ""https://images.propertypro.ng/large/affordable-4-bedroom-terrace-duplex-hjBhC4RrQDvnlrPxY7EN.jpg"", ""https://images.propertypro.ng/large/affordable-4-bedroom-terrace-duplex-swoBvlxtwccwMhS0KPe6.jpg"", ""https://images.propertypro.ng/large/affordable-4-bedroom-terrace-duplex-Z1EsxhQPQnTvJWEIY2yd.jpg"", ""https://images.propertypro.ng/large/affordable-4-bedroom-terrace-duplex-vGQubMCMEqSsWddWwhmH.jpg"", ""https://images.propertypro.ng/large/affordable-4-bedroom-terrace-duplex-ndyBowqzjnCDADJAGg05.jpg"", ""https://images.propertypro.ng/large/affordable-4-bedroom-terrace-duplex-LfA45QiiB0A0w5r8W7Fl.jpg"", ""https://images.propertypro.ng/large/affordable-4-bedroom-terrace-duplex-D6J9SejhPi0sl9dZRtOn.jpg""]",Fully Furnished,"[""24 Hours Security"", ""All Room Ensuit"", ""Jacuzzi"", ""CCTV Cameras"", ""POP Ceiling"", ""Drainage System"", ""Parking Space"", ""Water Treatment"", ""Boys Quater"", ""Security doors""]",https://propertypro.ng/property/4-bedroom-house-for-sale-kado-abuja-6PAYF
Newly Built 5 Bedroom Semi Detached Duplex,Detached Duplex,"5 bedroom House for sale Mabushi Abuja selling for ₦330,000,000.",330000000,5,5,6,Mabushi Abuja,Mabushi,Abuja,Nigeria,"[""https://images.propertypro.ng/large/HvdG0-newly-built-5-bedroom-semi-detached-duplex-gFqTIIV8oNssUj0VaN5W.jpg"", ""https://images.propertypro.ng/large/newly-built-5-bedroom-semi-detached-duplex-vKEydbpWQmqV0L4BH2kN.jpg"", ""https://images.propertypro.ng/large/newly-built-5-bedroom-semi-detached-duplex-Za8KY55pScN7nTSR8Xbr.jpg"", ""https://images.propertypro.ng/large/newly-built-5-bedroom-semi-detached-duplex-2zyK0VErFdOsCbz655Ko.jpg"", ""https://images.propertypro.ng/large/newly-built-5-bedroom-semi-detached-duplex-vHEONOr6UC2I3H6Qfi8w.jpg"", ""https://images.propertypro.ng/large/newly-built-5-bedroom-semi-detached-duplex-TeCI5anARdh174GLZuFq.jpg"", ""https://images.propertypro.ng/large/newly-built-5-bedroom-semi-detached-duplex-4f12wMxrgjbG9M4ya76o.jpg"", ""https://images.propertypro.ng/large/newly-built-5-bedroom-semi-detached-duplex-5QC2YtZ4UTNATuSZ2ugA.jpg"", ""https://images.propertypro.ng/large/newly-built-5-bedroom-semi-detached-duplex-itUlQMj7VfHeprdxLRwl.jpg"", ""https://images.propertypro.ng/large/newly-built-5-bedroom-semi-detached-duplex-m13yigks1yFlbaM5L4io.jpg""]",Fully Furnished,"[""24 Hours Security"", ""All Room Ensuit"", ""24 hours Electricity"", ""Drainage System"", ""POP Ceiling"", ""Water Treatment""]",https://propertypro.ng/property/5-bedroom-house-for-sale-mabushi-abuja-0PBAM
Semi Finished 6 Bedroom Detached Duplex With Elevator,Detached Duplex,"6 bedroom House for sale Mabushi Abuja selling for ₦850,000,000.",850000000,6,6,7,Mabushi Abuja,Mabushi,Abuja,Nigeria,"[""https://images.propertypro.ng/large/HaUyK-semi-finished-6-bedroom-detached-duplex-with-elevator-ypFWv67lAteBkjCDhkS3.jpg"", ""https://images.propertypro.ng/large/semi-finished-6-bedroom-detached-duplex-with-elevator-6F8MN1dPH8zRctvkan4M.jpg"", ""https://images.propertypro.ng/large/semi-finished-6-bedroom-detached-duplex-with-elevator-xAq4VQwpvtjL3GVAgAeZ.jpg"", ""https://images.propertypro.ng/large/semi-finished-6-bedroom-detached-duplex-with-elevator-wnWkuEqOIoBkSyp2puiA.jpg"", ""https://images.propertypro.ng/large/semi-finished-6-bedroom-detached-duplex-with-elevator-QQCbauWvaGmHe6dV3DTj.jpg"", ""https://images.propertypro.ng/large/semi-finished-6-bedroom-detached-duplex-with-elevator-IGSJv2jaB4guGUR0DxzY.jpg"", ""https://images.propertypro.ng/large/semi-finished-6-bedroom-detached-duplex-with-elevator-DBOX7sMxMbjhf8QPPLCk.jpg"", ""https://images.propertypro.ng/large/semi-finished-6-bedroom-detached-duplex-with-elevator-N2XZ5LIH0MvsKxqWJTfe.jpg"", ""https://images.propertypro.ng/large/semi-finished-6-bedroom-detached-duplex-with-elevator-D9ziQAPmcp53N9J3QiBr.jpg"", ""https://images.propertypro.ng/large/semi-finished-6-bedroom-detached-duplex-with-elevator-u3Xd9O4UQq86Xtr05R6S.jpg"", ""https://images.propertypro.ng/large/semi-finished-6-bedroom-detached-duplex-with-elevator-uZXzcFFLT4XFZgjLlRLK.jpg"", ""https://images.propertypro.ng/large/semi-finished-6-bedroom-detached-duplex-with-elevator-FdTrCoJvF1nCdJzvZbdM.jpg""]",Fully Furnished,"[""All Room Ensuit"", ""C of O"", ""Elevator""]",https://propertypro.ng/property/6-bedroom-house-for-sale-mabushi-abuja-4PBEK
4 Bedroom Duplex,Duplex,"4 bedroom House for sale Kolapo Ishola Gra, Phase 2, Akobo Akobo Ibadan Oyo selling for ₦230,000,000.",230000000,4,4,5,"Kolapo Ishola Gra, Phase 2, Akobo Akobo Ibadan Oyo",Ibadan,Oyo,Nigeria,"[""https://images.propertypro.ng/large/luxury-4-bedroom-duplex-off-plan-units-available-WaYZXUIAnqLeOdZ7F39a.jpg"", ""https://images.propertypro.ng/large/luxury-4-bedroom-duplex-off-plan-units-available-3DXTENdsIisM219zGFmR.jpg"", ""https://images.propertypro.ng/large/luxury-4-bedroom-duplex-off-plan-units-available-aAUZzJg2UsK8Lxh5ulUA.jpg"", ""https://images.propertypro.ng/large/luxury-4-bedroom-duplex-off-plan-units-available-xMM4nzWb2SkC36ETyuuj.jpg"", ""https://images.propertypro.ng/large/luxury-4-bedroom-duplex-off-plan-units-available-9kKlRye9dd88s8XpEDDp.jpg"", ""https://images.propertypro.ng/large/luxury-4-bedroom-duplex-off-plan-units-available-SrRTzhCjDX0FSB5I0EVQ.jpg"", ""https://images.propertypro.ng/large/luxury-4-bedroom-duplex-off-plan-units-available-KZ9jgRUW9ej99Enc1iLC.jpg"", ""https://images.propertypro.ng/large/luxury-4-bedroom-duplex-off-plan-units-available-1S9pEOKaAttdTydN1JCc.jpg"", ""https://images.propertypro.ng/large/luxury-4-bedroom-duplex-off-plan-units-available-QjYgz7cY886FbcNFCZ6M.jpg"", ""https://images.propertypro.ng/large/luxury-4-bedroom-duplex-off-plan-units-available-r3lN1djJiTr3gXwNvf5v.jpg"", ""https://images.propertypro.ng/large/luxury-4-bedroom-duplex-off-plan-units-available-gQf1ARQLOBmoumTmN5Uw.jpg"", ""https://images.propertypro.ng/large/luxury-4-bedroom-duplex-off-plan-units-available-sMZjp32CYsL5ciAokCM4.jpg"", ""https://images.propertypro.ng/large/luxury-4-bedroom-duplex-off-plan-units-available-ikNGHeBKfEtMMCpagoEu.jpg"", ""https://images.propertypro.ng/large/luxury-4-bedroom-duplex-off-plan-units-available-1fz9NpH2j23Y7VnmwTVP.jpg"", ""https://images.propertypro.ng/large/luxury-4-bedroom-duplex-off-plan-units-available-7JWz2t7l1xVNVg0Fu4y5.jpg"", ""https://images.propertypro.ng/large/luxury-4-bedroom-duplex-off-plan-units-available-SureEhJDCMpPVJvLAOI6.jpg"", ""https://images.propertypro.ng/large/luxury-4-bedroom-duplex-off-plan-units-available-hGQD6jyYKWCHo9AFFuxR.jpg"", ""https://images.propertypro.ng/large/luxury-4-bedroom-duplex-off-plan-units-available-FeCdGTtX4nszhwVV7Un3.jpg""]",Fully Furnished,"[""All Room Ensuit"", ""POP Ceiling"", ""Security"", ""Boys Quater""]",https://propertypro.ng/property/4-bedroom-house-for-sale-kolapo-ishola-gra-phase-2-akobo-akobo-ibadan-oyo-6NQEY
Semifinished 4 Bedroom Detached Duplex,Detached Duplex,"5 bedroom House for sale Dantata District, Ahmadu Bello Way Gwarinpa Gwarinpa Abuja selling for ₦360,000,009.",360000009,5,5,5,"Dantata District, Ahmadu Bello Way Gwarinpa Gwarinpa Abuja",Gwarinpa,Abuja,Nigeria,"[""https://images.propertypro.ng/large/gSTFe-semifinished-4-bedroom-detached-duplex-HQhOVnE901JeHicul1VN.jpeg"", ""https://images.propertypro.ng/large/ELRcm-semifinished-4-bedroom-detached-duplex-pJut0rhhZYcV9ZfJsdQ6.jpeg"", ""https://images.propertypro.ng/large/79k3U-semifinished-4-bedroom-detached-duplex-4Rvfn4lJlXHXCVkc1YGT.jpeg"", ""https://images.propertypro.ng/large/semifinished-4-bedroom-detached-duplex-Y8KAPxeG74m80hdPTNdQ.jpeg"", ""https://images.propertypro.ng/large/semifinished-4-bedroom-detached-duplex-kIUTIttbDrLrBJP67EGj.jpeg"", ""https://images.propertypro.ng/large/FLFRf-semifinished-4-bedroom-detached-duplex-aMBbf4s9i0ATgD42D6ZB.jpeg"", ""https://images.propertypro.ng/large/RM63c-MGrYG-VV5Lh-bnekZ-semifinished-4-bedroom-detached-duplex-kAK1oitETN3ugCC69h7O.jpeg"", ""https://images.propertypro.ng/large/semifinished-4-bedroom-detached-duplex-VRUHbWagsYrDEfoByupj.jpeg"", ""https://images.propertypro.ng/large/KQSRD-semifinished-4-bedroom-detached-duplex-364Hajiaarodvz2EnG9E.jpeg""]",Fully Furnished,"[""Big Compound"", ""24 hours Electricity"", ""All Room Ensuit"", ""Drainage System"", ""Parking Space"", ""Security"", ""Boys Quater""]",https://propertypro.ng/property/5-bedroom-house-for-sale-dantata-district-ahmadu-bello-way-gwarinpa-gwarinpa-abuja-0PAYN
Semifinished Fully Detached 6 Bedrooms,Other,"6 bedroom House for sale Jahi Gilmore. Tarred Access And Serene Environment Jahi Abuja selling for ₦480,000,000.",480000000,6,6,7,Jahi Gilmore. Tarred Access And Serene Environment Jahi Abuja,Jahi,Abuja,Nigeria,"[""https://images.propertypro.ng/large/VxRaI-semifinished-fully-detached-6-bedrooms-XK1YVtkij9kqWmWs5Clv.jpeg"", ""https://images.propertypro.ng/large/PVb6V-semifinished-fully-detached-6-bedrooms-cwzZz7CpUdz8GMYL7t5o.jpeg"", ""https://images.propertypro.ng/large/lFDKm-semifinished-fully-detached-6-bedrooms-ndP4lgmbKCs1YoMltDQu.jpeg"", ""https://images.propertypro.ng/large/semifinished-fully-detached-6-bedrooms-zWcb0ily8Yf4iJxQHuFN.jpeg"", ""https://images.propertypro.ng/large/VfL8B-semifinished-fully-detached-6-bedrooms-pQZmwdsXAbgXWtfphDhX.jpeg"", ""https://images.propertypro.ng/large/g2HDB-semifinished-fully-detached-6-bedrooms-LRustxSbUtcGAY8lzqQs.jpeg"", ""https://images.propertypro.ng/large/semifinished-fully-detached-6-bedrooms-Fi1zgUWN5dT0GUpgCR5F.jpeg"", ""https://images.propertypro.ng/large/semifinished-fully-detached-6-bedrooms-nLGBYQDdpRnJz0NlI1Ql.jpeg"", ""https://images.propertypro.ng/large/semifinished-fully-detached-6-bedrooms-b4gi1DFNfxd2s3dGzame.jpeg"", ""https://images.propertypro.ng/large/semifinished-fully-detached-6-bedrooms-DIbMo6cbNuf8h7bOFasr.jpeg"", ""https://images.propertypro.ng/large/semifinished-fully-detached-6-bedrooms-pCDFjzzT8EH3uTB19tMn.jpeg"", ""https://images.propertypro.ng/large/semifinished-fully-detached-6-bedrooms-HyZhtIwgwLuHMejLnN33.jpeg"", ""https://images.propertypro.ng/large/semifinished-fully-detached-6-bedrooms-gPyyFprg4cvlbUni0BXq.jpeg"", ""https://images.propertypro.ng/large/semifinished-fully-detached-6-bedrooms-OxKfxJUPaLMvw7lDdP75.jpeg""]",Fully Furnished,"[""Big Compound"", ""Drainage System"", ""Parking Space"", ""C of O"", ""Security"", ""Security doors"", ""Elevator"", ""Boys Quater""]",https://propertypro.ng/property/6-bedroom-house-for-sale-jahi-gilmore-tarred-access-and-serene-environment-jahi-abuja-7PAYN
Brand New 5 Bedroom Terrace For Sale,Other,"5 bedroom House for sale Wuye Abuja selling for ₦550,000,000.",550000000,5,5,6,Wuye Abuja,Wuye,Abuja,Nigeria,"[""https://images.propertypro.ng/large/brand-new-5-bedroom-terrace-for-sale-ETMuTpFamRJ3rsHnAIKT.jpg"", ""https://images.propertypro.ng/large/brand-new-5-bedroom-terrace-for-sale-YF5GjputPEwmivhNHxk9.jpg"", ""https://images.propertypro.ng/large/brand-new-5-bedroom-terrace-for-sale-rg9oVoE3p5kzQWGXeTt9.jpg"", ""https://images.propertypro.ng/large/brand-new-5-bedroom-terrace-for-sale-Gd7P9oO32QLEJY4X0BQw.jpg"", ""https://images.propertypro.ng/large/brand-new-5-bedroom-terrace-for-sale-2T27DKqEwRQIM9ulPnLf.jpg"", ""https://images.propertypro.ng/large/brand-new-5-bedroom-terrace-for-sale-RQLHTyVUJf2yhF58EH9d.jpg"", ""https://images.propertypro.ng/large/brand-new-5-bedroom-terrace-for-sale-niXGM9YzjwUaRKSUrQNC.jpg"", ""https://images.propertypro.ng/large/brand-new-5-bedroom-terrace-for-sale-fh1u1edn5ARt2sqVDOFP.jpg"", ""https://images.propertypro.ng/large/brand-new-5-bedroom-terrace-for-sale-6JNEkvyL1vyhHVOK3usy.jpg"", ""https://images.propertypro.ng/large/brand-new-5-bedroom-terrace-for-sale-FR3w3A8Y9nj9Y8yda5SY.jpg"", ""https://images.propertypro.ng/large/brand-new-5-bedroom-terrace-for-sale-2l32FHBpTROgOdaMcbzf.jpg"", ""https://images.propertypro.ng/large/brand-new-5-bedroom-terrace-for-sale-WF0fr3v3aCgpMM5BQm62.jpg"", ""https://images.propertypro.ng/large/brand-new-5-bedroom-terrace-for-sale-gpbZfUwckkbSYNr4DyIH.jpg"", ""https://images.propertypro.ng/large/brand-new-5-bedroom-terrace-for-sale-MiwYbZE8EhSvGnLyRCG4.jpg"", ""https://images.propertypro.ng/large/brand-new-5-bedroom-terrace-for-sale-ohdL0IAZp0BWhgZ41nWL.jpg"", ""https://images.propertypro.ng/large/brand-new-5-bedroom-terrace-for-sale-e9zmdY1Se0Ei6RrqCmYi.jpg"", ""https://images.propertypro.ng/large/brand-new-5-bedroom-terrace-for-sale-lUe74cmLSpRaFlqQs68X.jpg""]",Fully Furnished,[],https://propertypro.ng/property/5-bedroom-house-for-sale-wuye-abuja-2PCAJ
Newly Built 5 Bedroom Terrace For Sale,Other,"5 bedroom House for sale Wuye Abuja selling for ₦550,000,000.",550000000,5,5,6,Wuye Abuja,Wuye,Abuja,Nigeria,"[""https://images.propertypro.ng/large/newly-built-5-bedroom-terrace-for-sale-LneW1h3UJvytRabzv4BH.jpg"", ""https://images.propertypro.ng/large/newly-built-5-bedroom-terrace-for-sale-bNgjGQH8Iintu8QzgjSI.jpg"", ""https://images.propertypro.ng/large/newly-built-5-bedroom-terrace-for-sale-T3iPdNB4d29DY7M3A2K8.jpg"", ""https://images.propertypro.ng/large/newly-built-5-bedroom-terrace-for-sale-iSiVycC1QS9hIlExixN8.jpg"", ""https://images.propertypro.ng/large/newly-built-5-bedroom-terrace-for-sale-UIPKsQsAwmaHVc0ohVA6.jpg"", ""https://images.propertypro.ng/large/newly-built-5-bedroom-terrace-for-sale-xqS0eBIA0HMwPXRN6Xjo.jpg"", ""https://images.propertypro.ng/large/newly-built-5-bedroom-terrace-for-sale-lspDiAgXwVojHUROW9EZ.jpg"", ""https://images.propertypro.ng/large/newly-built-5-bedroom-terrace-for-sale-8i897AiRu1iSzzmkl7J1.jpg"", ""https://images.propertypro.ng/large/newly-built-5-bedroom-terrace-for-sale-AgZO5n05AV3FTFokM2x7.jpg"", ""https://images.propertypro.ng/large/newly-built-5-bedroom-terrace-for-sale-P5XxDaIwZEJWUpPpAkRU.jpg"", ""https://images.propertypro.ng/large/newly-built-5-bedroom-terrace-for-sale-G0lVoGY3fEjEeH9gSszm.jpg"", ""https://images.propertypro.ng/large/newly-built-5-bedroom-terrace-for-sale-qJZLP9NwIb8MEZi0KW5u.jpg"", ""https://images.propertypro.ng/large/newly-built-5-bedroom-terrace-for-sale-bf3G7211WIK2gJQFAbTe.jpg"", ""https://images.propertypro.ng/large/newly-built-5-bedroom-terrace-for-sale-Z5Y6ThfZEyQ4yPtkaw6O.jpg"", ""https://images.propertypro.ng/large/newly-built-5-bedroom-terrace-for-sale-3obYJSs2oXMXAztYtz5d.jpg"", ""https://images.propertypro.ng/large/newly-built-5-bedroom-terrace-for-sale-YqALDATDuKq5FeU4yZcX.jpg"", ""https://images.propertypro.ng/large/newly-built-5-bedroom-terrace-for-sale-OknynpD5GDtljhfyry9D.jpg"", ""https://images.propertypro.ng/large/newly-built-5-bedroom-terrace-for-sale-w2YeAxd8oGLR7xkelpNC.jpg"", ""https://images.propertypro.ng/large/newly-built-5-bedroom-terrace-for-sale-F4mvg4Z7cnvzU4Hta7sg.jpg"", ""https://images.propertypro.ng/large/newly-built-5-bedroom-terrace-for-sale-xqZnv39rDATHm7hbOzCG.jpg"", ""https://images.propertypro.ng/large/newly-built-5-bedroom-terrace-for-sale-F90wbj0IpIJ8RIhcK0bL.jpg"", ""https://images.propertypro.ng/large/newly-built-5-bedroom-terrace-for-sale-G4kK568U4ROJZ0NTCwoJ.jpg"", ""https://images.propertypro.ng/large/newly-built-5-bedroom-terrace-for-sale-IBk565cRASfdAflEy4YE.jpg"", ""https://images.propertypro.ng/large/newly-built-5-bedroom-terrace-for-sale-lpKV94LRgKGwQl7ErJka.jpg"", ""https://images.propertypro.ng/large/newly-built-5-bedroom-terrace-for-sale-T3eprB5D6cUvzXpXUHlA.jpg"", ""https://images.propertypro.ng/large/newly-built-5-bedroom-terrace-for-sale-0cTIJOCL5hvN79onFFTg.jpg"", ""https://images.propertypro.ng/large/newly-built-5-bedroom-terrace-for-sale-6dR0PhygBBYCQcR3nuj8.jpg"", ""https://images.propertypro.ng/large/newly-built-5-bedroom-terrace-for-sale-QrVWrQt1yKFcCPhiNmpW.jpg"", ""https://images.propertypro.ng/large/newly-built-5-bedroom-terrace-for-sale-oHzykUghsztiIMT93eVk.jpg"", ""https://images.propertypro.ng/large/newly-built-5-bedroom-terrace-for-sale-TWR1ZblEMZkGSs9AuosR.jpg"", ""https://images.propertypro.ng/large/newly-built-5-bedroom-terrace-for-sale-iHm6F3qjt8MeOCGmCObc.jpg"", ""https://images.propertypro.ng/large/newly-built-5-bedroom-terrace-for-sale-WBdgZ1KXEFQuDbPUUJge.jpg"", ""https://images.propertypro.ng/large/newly-built-5-bedroom-terrace-for-sale-kwVrwhARwWg8PyRXaQn3.jpg""]",Fully Furnished,[],https://propertypro.ng/property/5-bedroom-house-for-sale-wuye-abuja-7PCAK
5 Bedroom Fully Detached Duplex,Detached Duplex,"5 bedroom House for sale Chevron Drive Lekki Lagos selling for ₦500,000,000.",500000000,5,5,6,Chevron Drive Lekki Lagos,Lekki,Lagos,Nigeria,"[""https://images.propertypro.ng/large/5-bedroom-fully-detached-for-sale-cq8o0dfE5EJN9Drlx2ff.jpg"", ""https://images.propertypro.ng/large/5-bedroom-fully-detached-for-sale-J8mlyBCHCGXvjzx7AWRG.jpg"", ""https://images.propertypro.ng/large/5-bedroom-fully-detached-for-sale-yGd6nMDOdRwrKOEvpCeG.jpg"", ""https://images.propertypro.ng/large/5-bedroom-fully-detached-for-sale-9LBw9SVRDOqLIMePCnT7.jpg"", ""https://images.propertypro.ng/large/5-bedroom-fully-detached-for-sale-JFr0t6BVtE68Vu5lViFY.jpg"", ""https://images.propertypro.ng/large/5-bedroom-fully-detached-for-sale-7U3l3gTnyFXjN0kYMFc1.jpg"", ""https://images.propertypro.ng/large/5-bedroom-fully-detached-for-sale-2OHwLR0fXDspeEUH3t5Q.jpg"", ""https://images.propertypro.ng/large/5-bedroom-fully-detached-for-sale-bwYO2D26FLcAD11n9dk3.jpg"", ""https://images.propertypro.ng/large/5-bedroom-fully-detached-for-sale-eij8lry2M4ymOHGPIDPk.jpg"", ""https://images.propertypro.ng/large/5-bedroom-fully-detached-for-sale-v0DQsXf397qgPtl4SKSC.jpg"", ""https://images.propertypro.ng/large/5-bedroom-fully-detached-for-sale-ShJupKSrICSjVzWW6Ydl.jpg"", ""https://images.propertypro.ng/large/5-bedroom-fully-detached-for-sale-lxjWyZoFi2Y0VWD6iiuP.jpg"", ""https://images.propertypro.ng/large/5-bedroom-fully-detached-for-sale-6RV9lN0hngKptUmkdQJb.jpg"", ""https://images.propertypro.ng/large/5-bedroom-fully-detached-for-sale-cbnLEqpdocLHpnJ5lD9B.jpg"", ""https://images.propertypro.ng/large/5-bedroom-fully-detached-for-sale-9AqJI2QEycaOZ6UbMxk9.jpg"", ""https://images.propertypro.ng/large/5-bedroom-fully-detached-for-sale-K5TGZ1ukvL9dZgksrwlR.jpg"", ""https://images.propertypro.ng/large/5-bedroom-fully-detached-for-sale-53AN9pnrU5763MEEe04W.jpg"", ""https://images.propertypro.ng/large/5-bedroom-fully-detached-for-sale-2xw9Lu0hOgx315iLsEW9.jpg"", ""https://images.propertypro.ng/large/5-bedroom-fully-detached-for-sale-I7HdhjjQK4Fg64NpVJEl.jpg"", ""https://images.propertypro.ng/large/5-bedroom-fully-detached-for-sale-asQ89sS0LiWz0oSB0Y8x.jpg"", ""https://images.propertypro.ng/large/5-bedroom-fully-detached-for-sale-GpRlzL8fbHYIVSt7zOcu.jpg"", ""https://images.propertypro.ng/large/5-bedroom-fully-detached-for-sale-HQFMeczBy0jiPmdMihyN.jpg"", ""https://images.propertypro.ng/large/5-bedroom-fully-detached-for-sale-QTBhFZlFNJhQkFAw5waa.jpg"", ""https://images.propertypro.ng/large/5-bedroom-fully-detached-for-sale-1nJEA62zLLdVPuivOntk.jpg"", ""https://images.propertypro.ng/large/5-bedroom-fully-detached-for-sale-BdooibHf26EcUD3mzgvV.jpg"", ""https://images.propertypro.ng/large/5-bedroom-fully-detached-for-sale-ByVtGCTq59BBTIrTzf95.jpg"", ""https://images.propertypro.ng/large/5-bedroom-fully-detached-for-sale-5VzbNkyC8ifKGW7LLdYA.jpg"", ""https://images.propertypro.ng/large/5-bedroom-fully-detached-for-sale-PbV8JRwCAjJkP2cpfwCJ.jpg"", ""https://images.propertypro.ng/large/5-bedroom-fully-detached-for-sale-FjnoyJfDsXlFH6aCInxm.jpg"", ""https://images.propertypro.ng/large/5-bedroom-fully-detached-for-sale-rOgdGvdR2pTDFHIbL7aU.jpg"", ""https://images.propertypro.ng/large/5-bedroom-fully-detached-for-sale-i391CEFVj1HNmeUgxUP6.jpg"", ""https://images.propertypro.ng/large/5-bedroom-fully-detached-for-sale-W95w650TJ8FaBmgXtDW5.jpg"", ""https://images.propertypro.ng/large/5-bedroom-fully-detached-for-sale-21LmkbTrPq7U6uvFiAjh.jpg"", ""https://images.propertypro.ng/large/5-bedroom-fully-detached-for-sale-8hYoaikAvpBJUu88OiFT.jpg""]",Fully Furnished,[],https://propertypro.ng/property/5-bedroom-house-for-sale-chevron-drive-lekki-lagos-8NWZV
Almost Completed 4 Bedroom Semi Detached Duplex,Detached Duplex,"4 bedroom House for sale Ajah Lagos selling for ₦170,000,000.",170000000,4,4,5,Ajah Lagos,Ajah,Lagos,Nigeria,"[""https://images.propertypro.ng/large/almost-completed-4-bedroom-semi-detached-duplex-Mi37gMfVCatJQZ3gJ9rP.jpg"", ""https://images.propertypro.ng/large/almost-completed-4-bedroom-semi-detached-duplex-nhafiUp0xIV3WiOcw2Qm.jpg"", ""https://images.propertypro.ng/large/almost-completed-4-bedroom-semi-detached-duplex-Dr3NUqPX3EUivXfiEctk.jpg"", ""https://images.propertypro.ng/large/almost-completed-4-bedroom-semi-detached-duplex-w38gFpyZcPy27zuzMDMt.jpg"", ""https://images.propertypro.ng/large/almost-completed-4-bedroom-semi-detached-duplex-OKgFhio7NAhNjsA9ocl2.jpg"", ""https://images.propertypro.ng/large/almost-completed-4-bedroom-semi-detached-duplex-TPa9wTyYf3koiyFH5rr3.jpg"", ""https://images.propertypro.ng/large/almost-completed-4-bedroom-semi-detached-duplex-ewph8XAABpovZi6bkyS6.jpg"", ""https://images.propertypro.ng/large/almost-completed-4-bedroom-semi-detached-duplex-5PLKyjwMDbYfd0tvcna1.jpg"", ""https://images.propertypro.ng/large/almost-completed-4-bedroom-semi-detached-duplex-70WkG8i2ZiEFRA0McZxT.jpg"", ""https://images.propertypro.ng/large/almost-completed-4-bedroom-semi-detached-duplex-bbrQi1xnPt40DhtpxHEA.jpg"", ""https://images.propertypro.ng/large/almost-completed-4-bedroom-semi-detached-duplex-9j23fswiBBv60ixrEWLc.jpg"", ""https://images.propertypro.ng/large/almost-completed-4-bedroom-semi-detached-duplex-7dUtEUMKKibzFCbqcvLU.jpg"", ""https://images.propertypro.ng/large/almost-completed-4-bedroom-semi-detached-duplex-DEEWmVlKIOSW0T3er2T0.jpg""]",Fully Furnished,[],https://propertypro.ng/property/4-bedroom-house-for-sale-ajah-lagos-5NZJF
5 Bedroom Fully Detached Duplex With Bq,Detached Duplex,"5 bedroom House for sale Ikota Lekki Lagos selling for ₦460,000,000.",460000000,5,5,6,Ikota Lekki Lagos,Lekki,Lagos,Nigeria,"[""https://images.propertypro.ng/large/5-bedroom-fully-detached-duplex-with-bq-v5qTyeHzVQUAT5PYBXPx.jpg"", ""https://images.propertypro.ng/large/5-bedroom-fully-detached-duplex-with-bq-hRoYK6a23qt5kMQVTV2j.jpg"", ""https://images.propertypro.ng/large/5-bedroom-fully-detached-duplex-with-bq-hqQI5BHMRbEOjU8E6fZX.jpg"", ""https://images.propertypro.ng/large/5-bedroom-fully-detached-duplex-with-bq-tXKZ5CqUcj3uD9nZGODp.jpg"", ""https://images.propertypro.ng/large/5-bedroom-fully-detached-duplex-with-bq-8rDn4zIJNzviswl6hcgp.jpg"", ""https://images.propertypro.ng/large/5-bedroom-fully-detached-duplex-with-bq-iGkb16bpKFgelmIZPlun.jpg"", ""https://images.propertypro.ng/large/5-bedroom-fully-detached-duplex-with-bq-mld3g5jFjhPtC8p1My3K.jpg"", ""https://images.propertypro.ng/large/5-bedroom-fully-detached-duplex-with-bq-UVamXMw90SIPJcmmh9bM.jpg"", ""https://images.propertypro.ng/large/5-bedroom-fully-detached-duplex-with-bq-kBzC2W8LLvCoyrymXT5u.jpg"", ""https://images.propertypro.ng/large/5-bedroom-fully-detached-duplex-with-bq-ON80BJTD12F1SKD68PgV.jpg"", ""https://images.propertypro.ng/large/5-bedroom-fully-detached-duplex-with-bq-cYAiqQO8235jVaGj3iJn.jpg"", ""https://images.propertypro.ng/large/5-bedroom-fully-detached-duplex-with-bq-ZJtRYQtAjwQdKI2UHkNE.jpg"", ""https://images.propertypro.ng/large/5-bedroom-fully-detached-duplex-with-bq-SfU8jkR80fy299zvf8EH.jpg"", ""https://images.propertypro.ng/large/5-bedroom-fully-detached-duplex-with-bq-eZuEtnnI03TPe6lCerUM.jpg"", ""https://images.propertypro.ng/large/5-bedroom-fully-detached-duplex-with-bq-5Ya6TQaXLmoqrbumzxH2.jpg"", ""https://images.propertypro.ng/large/5-bedroom-fully-detached-duplex-with-bq-NxuV9JKkYfFxS1xcN3fp.jpg"", ""https://images.propertypro.ng/large/5-bedroom-fully-detached-duplex-with-bq-xzsSGOSXZpmds5RrNmsb.jpg"", ""https://images.propertypro.ng/large/5-bedroom-fully-detached-duplex-with-bq-3CNBEW6Lq96RqbDrUhPl.jpg"", ""https://images.propertypro.ng/large/5-bedroom-fully-detached-duplex-with-bq-ipuJJlrfRMhP74i5vNLb.jpg"", ""https://images.propertypro.ng/large/5-bedroom-fully-detached-duplex-with-bq-PsqHMpp02LIFaY1saJag.jpg""]",Fully Furnished,[],https://propertypro.ng/property/5-bedroom-house-for-sale-ikota-lekki-lagos-8NZJF
Four Bedroom Fully Detached Duplex,Detached Duplex,"4 bedroom House for sale Ajah Lagos selling for ₦230,000,000.",230000000,4,4,5,Ajah Lagos,Ajah,Lagos,Nigeria,"[""https://images.propertypro.ng/large/four-bedroom-fully-detached-duplex-09GfQjehjk1FEGZhX1Ic.jpg"", ""https://images.propertypro.ng/large/four-bedroom-fully-detached-duplex-LyucVGveepNDRtohZqOq.jpg"", ""https://images.propertypro.ng/large/four-bedroom-fully-detached-duplex-iYpLkqz43f8Lx7szTMEf.jpg"", ""https://images.propertypro.ng/large/four-bedroom-fully-detached-duplex-PZgsB19XCf8oiKlbH8K7.jpg"", ""https://images.propertypro.ng/large/four-bedroom-fully-detached-duplex-gPwbyqphsvNb8lJwFMRC.jpg"", ""https://images.propertypro.ng/large/four-bedroom-fully-detached-duplex-ppS0a8N4yogd0V7DlEZB.jpg"", ""https://images.propertypro.ng/large/four-bedroom-fully-detached-duplex-yWKmndPKmr8oelvxbny3.jpg"", ""https://images.propertypro.ng/large/four-bedroom-fully-detached-duplex-hX7uWRc7XjMRjkFs7C1B.jpg"", ""https://images.propertypro.ng/large/four-bedroom-fully-detached-duplex-wp3NfBd0gEMqR9E8Qv2p.jpg"", ""https://images.propertypro.ng/large/four-bedroom-fully-detached-duplex-vmJzOZkp02jCaFOE5I6l.jpg"", ""https://images.propertypro.ng/large/four-bedroom-fully-detached-duplex-hgDhNHHJtPvrwwh9F6HH.jpg"", ""https://images.propertypro.ng/large/four-bedroom-fully-detached-duplex-A4QgQWrhSdMZbThlM24n.jpg"", ""https://images.propertypro.ng/large/four-bedroom-fully-detached-duplex-mkmZeqd8FdMleOv9N5V5.jpg"", ""https://images.propertypro.ng/large/four-bedroom-fully-detached-duplex-DWsDhq3CBuGsexykj35u.jpg"", ""https://images.propertypro.ng/large/four-bedroom-fully-detached-duplex-XqMhdPuS8EtOCm7yfKFi.jpg""]",Fully Furnished,[],https://propertypro.ng/property/4-bedroom-house-for-sale-ajah-lagos-5PAJQ
5 Bedroom Fully Detached Duplex With Bq,Detached Duplex,"5 bedroom House for sale Ajah Lagos selling for ₦280,000,000.",280000000,5,5,6,Ajah Lagos,Ajah,Lagos,Nigeria,"[""https://images.propertypro.ng/large/5-bedroom-fully-detached-duplex-bq-tBMKh1PlD3K4jpgVvlRG.jpg"", ""https://images.propertypro.ng/large/5-bedroom-fully-detached-duplex-bq-64sxuavU6khK8zWaEt2K.jpg"", ""https://images.propertypro.ng/large/5-bedroom-fully-detached-duplex-bq-zWlkUSVJJaaeOkscMio4.jpg"", ""https://images.propertypro.ng/large/5-bedroom-fully-detached-duplex-bq-T1sEE2tL7hXzf9y3FS0h.jpg"", ""https://images.propertypro.ng/large/5-bedroom-fully-detached-duplex-bq-Gddt1mWecGOIcseINZA5.jpg"", ""https://images.propertypro.ng/large/5-bedroom-fully-detached-duplex-bq-q6epUFEfNbGHPhCs4tQk.jpg"", ""https://images.propertypro.ng/large/5-bedroom-fully-detached-duplex-bq-U7EWI53ZHeUF0VWCGMoj.jpg"", ""https://images.propertypro.ng/large/5-bedroom-fully-detached-duplex-bq-1I2Gklmg0GY2ZcQ5lWeh.jpg"", ""https://images.propertypro.ng/large/5-bedroom-fully-detached-duplex-bq-hWzsPFUSD11p55UFHRYY.jpg"", ""https://images.propertypro.ng/large/5-bedroom-fully-detached-duplex-bq-dTvrc3srsDIgXMxg9xAZ.jpg""]",Fully Furnished,[],https://propertypro.ng/property/5-bedroom-house-for-sale-ajah-lagos-9NZDV
Newly Built 4 Bedroom Terrace Duplex With Bq,Terrace Duplex,"4 bedroom House for sale Jahi Abuja selling for ₦350,000,000.",350000000,4,4,5,Jahi Abuja,Jahi,Abuja,Nigeria,"[""https://images.propertypro.ng/large/JSrSY-newly-built-4-bedroom-terrace-duplex-with-bq-o4tsE2gzFfnqp9U9E20F.jpg"", ""https://images.propertypro.ng/large/newly-built-4-bedroom-terrace-duplex-with-bq-a8DQClF1uVSmJEAfmqwu.jpg"", ""https://images.propertypro.ng/large/newly-built-4-bedroom-terrace-duplex-with-bq-XVQTlNM8uHSImyNQZxf2.jpg"", ""https://images.propertypro.ng/large/newly-built-4-bedroom-terrace-duplex-with-bq-OaAxYPJpoCylRaKxoCqz.jpg"", ""https://images.propertypro.ng/large/newly-built-4-bedroom-terrace-duplex-with-bq-MEoegWl3xu6TsTTgrFlm.jpg"", ""https://images.propertypro.ng/large/newly-built-4-bedroom-terrace-duplex-with-bq-8J3C0xijCp4YSoGtlo5f.jpg"", ""https://images.propertypro.ng/large/newly-built-4-bedroom-terrace-duplex-with-bq-lSNmeSrCK25AvYyO8Ud5.jpg"", ""https://images.propertypro.ng/large/newly-built-4-bedroom-terrace-duplex-with-bq-fi0MsssfURRgTM9OrDpn.jpg"", ""https://images.propertypro.ng/large/newly-built-4-bedroom-terrace-duplex-with-bq-sTqQovF9VMrCeq2YQgkt.jpg"", ""https://images.propertypro.ng/large/newly-built-4-bedroom-terrace-duplex-with-bq-JGrFVtvhZWxE5ZkTtg5j.jpg"", ""https://images.propertypro.ng/large/newly-built-4-bedroom-terrace-duplex-with-bq-VYVhPCu2kprpHzE6vbIX.jpg"", ""https://images.propertypro.ng/large/newly-built-4-bedroom-terrace-duplex-with-bq-Pbo4tZNzCXAeI1PHYuin.jpg"", ""https://images.propertypro.ng/large/newly-built-4-bedroom-terrace-duplex-with-bq-jRYfMAeMXbYNiXCAwhjc.jpg""]",Fully Furnished,"[""Big Compound"", ""24 Hours Security"", ""All Room Ensuit"", ""C of O"", ""Boys Quater""]",https://propertypro.ng/property/4-bedroom-house-for-sale-jahi-abuja-3PBPP
3 Units Of 5 Bedroom Duplex,Duplex,"5 bedroom House for sale Lekki Conservation Lekki Lagos selling for ₦680,000,000.",680000000,5,5,6,Lekki Conservation Lekki Lagos,Lekki,Lagos,Nigeria,"[""https://images.propertypro.ng/large/3-units-of-5-bedroom-duplex-NAqrWR3JY3ZzqwoZOalx.png"", ""https://images.propertypro.ng/large/3-units-of-5-bedroom-duplex-3nRrO82BRRTPHmSZseJZ.jpg"", ""https://images.propertypro.ng/large/3-units-of-5-bedroom-duplex-y1MsqVdUytmR6LshXjCw.jpg"", ""https://images.propertypro.ng/large/3-units-of-5-bedroom-duplex-jTLnW0jG1uP1SfGPTt4f.jpg"", ""https://images.propertypro.ng/large/3-units-of-5-bedroom-duplex-Hu8SPkAhmV9WzGGwhy6F.jpg"", ""https://images.propertypro.ng/large/3-units-of-5-bedroom-duplex-EKh7WfCT4Zq9kZKH0V70.jpg"", ""https://images.propertypro.ng/large/3-units-of-5-bedroom-duplex-i5VaFfAuWxmsQELOL1Qs.jpg"", ""https://images.propertypro.ng/large/3-units-of-5-bedroom-duplex-z1iZuz8PDgTByNDtYrYJ.jpg"", ""https://images.propertypro.ng/large/3-units-of-5-bedroom-duplex-mx5D6HhVDjuFpeMPLdei.jpg"", ""https://images.propertypro.ng/large/3-units-of-5-bedroom-duplex-l0UD84COQvYSHRXviLQD.jpg"", ""https://images.propertypro.ng/large/3-units-of-5-bedroom-duplex-cdRgz1X8EBdzP88SOQBW.jpg"", ""https://images.propertypro.ng/large/3-units-of-5-bedroom-duplex-2dnbqm1F0kFjO34ikqjp.jpg"", ""https://images.propertypro.ng/large/3-units-of-5-bedroom-duplex-DAT7Y9kHvZesX1R3CrYt.jpg"", ""https://images.propertypro.ng/large/3-units-of-5-bedroom-duplex-4uj4HtTKwxsSuG3L6UNK.jpg"", ""https://images.propertypro.ng/large/3-units-of-5-bedroom-duplex-mpvM5mAxZ465TnGLvYMx.jpg"", ""https://images.propertypro.ng/large/3-units-of-5-bedroom-duplex-9HFZgG1movsDoJjtX79w.jpg""]",Fully Furnished,[],https://propertypro.ng/property/5-bedroom-house-for-sale-lekki-conservation-lekki-lagos-6NWHM
